﻿<?xml version='1.0' encoding='utf-8' ?>
 <CrystalDocumenter>
  <Header>
    <Creator>Crystal FLOW for C</Creator>
    <Company>SGV Sarc Inc, VA, US</Company>
    <ModDate>Sun Jan 22 00:35:39 2017</ModDate>
  </Header>
  <General>
    <Path></Path>
    <XportBMPImgs>1</XportBMPImgs>
    <PublishSource>Yes</PublishSource>
    <SrcCodeFntSz>10</SrcCodeFntSz>
    <PublishSourceBrowse>Yes</PublishSourceBrowse>
    <EnblCodeMetrics>Yes</EnblCodeMetrics>
    <ClctMembrsByOccr>Yes</ClctMembrsByOccr>
    <ExcludeInactive>Yes</ExcludeInactive>
    <ExpandMenu>1</ExpandMenu>
    <DisplayTtlCmtAsItIs>1</DisplayTtlCmtAsItIs>
    <DisplayIndexFileAs>1</DisplayIndexFileAs>
    <DisplaySrcCdTrgtAs>1</DisplaySrcCdTrgtAs>
    <DisplayGrphTrgtAs>1</DisplayGrphTrgtAs>
    <DisplayFlchrtTrgtAs>1</DisplayFlchrtTrgtAs>
      <ShowPath>File name with path</ShowPath>
    <FunctionHierarchy>Yes</FunctionHierarchy>
      <EncodeFormat>UTF-8</EncodeFormat>
    <DefltComment>No documentation available</DefltComment>
  </General>
  <Banner>
    <Title></Title>
    <TxtStyl>
      <Font>
        <FntName>Arial</FntName>
        <FntSz>12</FntSz>
        <FntSzTyp>Points</FntSzTyp>
        <FntWt>Bold</FntWt>
        <FntDecor>Underline</FntDecor>
        <FntStyl>normal</FntStyl>
      </Font>
      <Color>
        <Red>160</Red>
        <Green>32</Green>
        <Blue>32</Blue>
      </Color>
    </TxtStyl>
    <LinkStyl>
      <NormTxtStyl>
        <Font>
          <FntName>Arial</FntName>
          <FntSz>10</FntSz>
          <FntSzTyp>Points</FntSzTyp>
          <FntWt>Bold</FntWt>
          <FntDecor>Underline</FntDecor>
          <FntStyl>normal</FntStyl>
        </Font>
        <Color>Blue</Color>
      </NormTxtStyl>
      <MousOvrTxtStyl>
        <Font>
          <FntName>Arial</FntName>
          <FntSz>10</FntSz>
          <FntSzTyp>Points</FntSzTyp>
          <FntWt>Bold</FntWt>
          <FntDecor>Underline</FntDecor>
          <FntStyl>normal</FntStyl>
        </Font>
        <Color>Red</Color>
      </MousOvrTxtStyl>
      <LineH>0.000</LineH>
    </LinkStyl>
    <BnnrHlpLn_Lnk>
      <NormTxtStyl>
        <Font>
          <FntName>Arial</FntName>
          <FntSz>10</FntSz>
          <FntSzTyp>Points</FntSzTyp>
          <FntWt>Normal</FntWt>
          <FntDecor>Underline</FntDecor>
          <FntStyl>normal</FntStyl>
        </Font>
        <Color>Blue</Color>
      </NormTxtStyl>
      <MousOvrTxtStyl>
        <Font>
          <FntName>Arial</FntName>
          <FntSz>10</FntSz>
          <FntSzTyp>Points</FntSzTyp>
          <FntWt>Normal</FntWt>
          <FntDecor>Underline</FntDecor>
          <FntStyl>normal</FntStyl>
        </Font>
        <Color>Red</Color>
      </MousOvrTxtStyl>
      <LineH>-1.000</LineH>
    </BnnrHlpLn_Lnk>
    <BnnrHlpLn_Txt>
      <Font>
        <FntName>Arial</FntName>
        <FntSz>10</FntSz>
        <FntSzTyp>Points</FntSzTyp>
        <FntWt>Normal</FntWt>
        <FntDecor>Normal</FntDecor>
        <FntStyl>normal</FntStyl>
      </Font>
      <Color>Black</Color>
    </BnnrHlpLn_Txt>
    <Bkgr>
      <Color>
        <Red>240</Red>
        <Green>240</Green>
        <Blue>160</Blue>
      </Color>
      <Image></Image>
    </Bkgr>
    <Brdr>
      <Color>Default</Color>
      <Thick>1</Thick>
    </Brdr>
    <Logo>
      <Image></Image>
      <Width>-1</Width>
      <Height>-1</Height>
    </Logo>
    <Pad>7</Pad>
    <LinkW>160</LinkW>
    <Height>135</Height>
  </Banner>
  <Popup>
    <LinkStyl1>
      <NormTxtStyl>
        <Font>
          <FntName>Arial</FntName>
          <FntSz>10</FntSz>
          <FntSzTyp>Points</FntSzTyp>
          <FntWt>Bold</FntWt>
          <FntDecor>Underline</FntDecor>
          <FntStyl>normal</FntStyl>
        </Font>
        <Color>Blue</Color>
      </NormTxtStyl>
      <MousOvrTxtStyl>
        <Font>
          <FntName>Arial</FntName>
          <FntSz>10</FntSz>
          <FntSzTyp>Points</FntSzTyp>
          <FntWt>Bold</FntWt>
          <FntDecor>Underline</FntDecor>
          <FntStyl>normal</FntStyl>
        </Font>
        <Color>Red</Color>
      </MousOvrTxtStyl>
      <LineH>0.000</LineH>
    </LinkStyl1>
    <LinkStyl2>
      <NormTxtStyl>
        <Font>
          <FntName>Arial</FntName>
          <FntSz>10</FntSz>
          <FntSzTyp>Points</FntSzTyp>
          <FntWt>Bold</FntWt>
          <FntDecor>Underline</FntDecor>
          <FntStyl>normal</FntStyl>
        </Font>
        <Color>
          <Red>208</Red>
          <Green>0</Green>
          <Blue>208</Blue>
        </Color>
      </NormTxtStyl>
      <MousOvrTxtStyl>
        <Font>
          <FntName>Arial</FntName>
          <FntSz>10</FntSz>
          <FntSzTyp>Points</FntSzTyp>
          <FntWt>Bold</FntWt>
          <FntDecor>Underline</FntDecor>
          <FntStyl>normal</FntStyl>
        </Font>
        <Color>Red</Color>
      </MousOvrTxtStyl>
      <LineH>0.000</LineH>
    </LinkStyl2>
    <TxtStyl>
      <Font>
        <FntName>Arial</FntName>
        <FntSz>8</FntSz>
        <FntSzTyp>Points</FntSzTyp>
        <FntWt>normal</FntWt>
        <FntDecor>none</FntDecor>
        <FntStyl>normal</FntStyl>
      </Font>
      <Color>Black</Color>
    </TxtStyl>
    <Bkgr>
      <Color>
        <Red>240</Red>
        <Green>240</Green>
        <Blue>240</Blue>
      </Color>
      <Image></Image>
    </Bkgr>
    <Brdr>
      <Color>Default</Color>
      <Thick>1</Thick>
    </Brdr>
    <Pad>5</Pad>
    <Width>0</Width>
  </Popup>
  <OvwDoc>
    <Bkgr>
      <Color>Default</Color>
      <Image></Image>
    </Bkgr>
    <Brdr>
      <Color>Default</Color>
      <Thick>0</Thick>
    </Brdr>
    <Pad>5</Pad>
    <TxtStyl>
      <Font>
        <FntName>Arial</FntName>
        <FntSz>10</FntSz>
        <FntSzTyp>Points</FntSzTyp>
        <FntWt>normal</FntWt>
        <FntDecor>none</FntDecor>
        <FntStyl>normal</FntStyl>
      </Font>
      <Color>Black</Color>
    </TxtStyl>
    <Hdng>
      <Font>
        <FntName>Arial</FntName>
        <FntSz>14</FntSz>
        <FntSzTyp>Points</FntSzTyp>
        <FntWt>Bold</FntWt>
        <FntDecor>none</FntDecor>
        <FntStyl>normal</FntStyl>
      </Font>
      <Color>Black</Color>
    </Hdng>
    <SubHdng>
      <Font>
        <FntName>Arial</FntName>
        <FntSz>12</FntSz>
        <FntSzTyp>Points</FntSzTyp>
        <FntWt>Bold</FntWt>
        <FntDecor>none</FntDecor>
        <FntStyl>normal</FntStyl>
      </Font>
      <Color>Black</Color>
    </SubHdng>
  </OvwDoc>
  <PrjMetricsDoc>
    <Bkgr>
      <Color>Default</Color>
      <Image></Image>
    </Bkgr>
    <Brdr>
      <Color>Default</Color>
      <Thick>0</Thick>
    </Brdr>
    <Pad>5</Pad>
    <TxtStyl>
      <Font>
        <FntName>Arial</FntName>
        <FntSz>10</FntSz>
        <FntSzTyp>Points</FntSzTyp>
        <FntWt>normal</FntWt>
        <FntDecor>none</FntDecor>
        <FntStyl>normal</FntStyl>
      </Font>
      <Color>Black</Color>
    </TxtStyl>
    <Hdng>
      <Font>
        <FntName>Arial</FntName>
        <FntSz>14</FntSz>
        <FntSzTyp>Points</FntSzTyp>
        <FntWt>Bold</FntWt>
        <FntDecor>none</FntDecor>
        <FntStyl>normal</FntStyl>
      </Font>
      <Color>Black</Color>
    </Hdng>
    <SubHdng>
      <Font>
        <FntName>Arial</FntName>
        <FntSz>12</FntSz>
        <FntSzTyp>Points</FntSzTyp>
        <FntWt>Bold</FntWt>
        <FntDecor>none</FntDecor>
        <FntStyl>normal</FntStyl>
      </Font>
      <Color>Black</Color>
    </SubHdng>
  </PrjMetricsDoc>
  <Document>
    <Bkgr>
      <Color>Default</Color>
      <Image></Image>
    </Bkgr>
    <LinkStyl>
      <NormTxtStyl>
        <Font>
          <FntName>Arial</FntName>
          <FntSz>10</FntSz>
          <FntSzTyp>Points</FntSzTyp>
          <FntWt>normal</FntWt>
          <FntDecor>Underline</FntDecor>
          <FntStyl>normal</FntStyl>
        </Font>
        <Color>Blue</Color>
      </NormTxtStyl>
      <MousOvrTxtStyl>
        <Font>
          <FntName>Arial</FntName>
          <FntSz>10</FntSz>
          <FntSzTyp>Points</FntSzTyp>
          <FntWt>normal</FntWt>
          <FntDecor>Underline</FntDecor>
          <FntStyl>normal</FntStyl>
        </Font>
        <Color>Red</Color>
      </MousOvrTxtStyl>
      <LineH>1.600</LineH>
    </LinkStyl>
    <TxtStyl>
      <Font>
        <FntName>Arial</FntName>
        <FntSz>10</FntSz>
        <FntSzTyp>Points</FntSzTyp>
        <FntWt>normal</FntWt>
        <FntDecor>none</FntDecor>
        <FntStyl>normal</FntStyl>
      </Font>
      <Color>Black</Color>
    </TxtStyl>
    <Hdng>
      <Font>
        <FntName>Arial</FntName>
        <FntSz>14</FntSz>
        <FntSzTyp>Points</FntSzTyp>
        <FntWt>Bold</FntWt>
        <FntDecor>none</FntDecor>
        <FntStyl>normal</FntStyl>
      </Font>
      <Color>Black</Color>
    </Hdng>
    <SubHdng>
      <Font>
        <FntName>Arial</FntName>
        <FntSz>10</FntSz>
        <FntSzTyp>Points</FntSzTyp>
        <FntWt>Bold</FntWt>
        <FntDecor>none</FntDecor>
        <FntStyl>normal</FntStyl>
      </Font>
      <Color>Black</Color>
    </SubHdng>
    <AccessSpcfrs>
      <Font>
        <FntName>Courier New</FntName>
        <FntSz>8</FntSz>
        <FntSzTyp>Points</FntSzTyp>
        <FntWt>normal</FntWt>
        <FntDecor>none</FntDecor>
        <FntStyl>normal</FntStyl>
      </Font>
      <Color>
        <Red>210</Red>
        <Green>0</Green>
        <Blue>0</Blue>
      </Color>
    </AccessSpcfrs>
    <Link2Top>No</Link2Top>
  </Document>
  <FunctionHierarchy>
    <CurrentfuncBackgrnd>
      <Color>
        <Red>220</Red>
        <Green>208</Green>
        <Blue>208</Blue>
      </Color>
    </CurrentfuncBackgrnd>
    <calledfuncBackgrnd>
      <Color>
        <Red>255</Red>
        <Green>228</Green>
        <Blue>217</Blue>
      </Color>
    </calledfuncBackgrnd>
    <CallerfuncBackgrnd>
      <Color>
        <Red>255</Red>
        <Green>221</Green>
        <Blue>255</Blue>
      </Color>
    </CallerfuncBackgrnd>
    <LinkStyl>
      <NormTxtStyl>
        <Font>
          <FntName>Arial</FntName>
          <FntSz>10</FntSz>
          <FntSzTyp>Points</FntSzTyp>
          <FntWt>normal</FntWt>
          <FntDecor>Underline</FntDecor>
          <FntStyl>normal</FntStyl>
        </Font>
        <Color>Blue</Color>
      </NormTxtStyl>
      <MousOvrTxtStyl>
        <Font>
          <FntName>Arial</FntName>
          <FntSz>10</FntSz>
          <FntSzTyp>Points</FntSzTyp>
          <FntWt>normal</FntWt>
          <FntDecor>Underline</FntDecor>
          <FntStyl>normal</FntStyl>
        </Font>
        <Color>Red</Color>
      </MousOvrTxtStyl>
      <LineH>1.600</LineH>
    </LinkStyl>
    <TxtStyl>
      <Font>
        <FntName>Arial</FntName>
        <FntSz>10</FntSz>
        <FntSzTyp>Points</FntSzTyp>
        <FntWt>normal</FntWt>
        <FntDecor>none</FntDecor>
        <FntStyl>normal</FntStyl>
      </Font>
      <Color>Black</Color>
    </TxtStyl>
  </FunctionHierarchy>
  <Indices>
    <Classes>
      <Bkgr>
        <Color>Default</Color>
        <Image></Image>
      </Bkgr>
      <Brdr>
        <Color>Default</Color>
        <Thick>0</Thick>
      </Brdr>
      <ObjName>
        <NormTxtStyl>
          <Font>
            <FntName>Arial</FntName>
            <FntSz>12</FntSz>
            <FntSzTyp>Points</FntSzTyp>
            <FntWt>Bold</FntWt>
            <FntDecor>Underline</FntDecor>
            <FntStyl>normal</FntStyl>
          </Font>
          <Color>Blue</Color>
        </NormTxtStyl>
        <MousOvrTxtStyl>
          <Font>
            <FntName>Arial</FntName>
            <FntSz>12</FntSz>
            <FntSzTyp>Points</FntSzTyp>
            <FntWt>Bold</FntWt>
            <FntDecor>Underline</FntDecor>
            <FntStyl>normal</FntStyl>
          </Font>
          <Color>Red</Color>
        </MousOvrTxtStyl>
        <LineH>0.000</LineH>
      </ObjName>
      <Pad>2</Pad>
      <Rows>30</Rows>
      <Cols>3</Cols>
    </Classes>
    <Functions>
      <Bkgr>
        <Color>Default</Color>
        <Image></Image>
      </Bkgr>
      <Brdr>
        <Color>Default</Color>
        <Thick>0</Thick>
      </Brdr>
      <ObjName>
        <NormTxtStyl>
          <Font>
            <FntName>Arial</FntName>
            <FntSz>12</FntSz>
            <FntSzTyp>Points</FntSzTyp>
            <FntWt>Bold</FntWt>
            <FntDecor>Underline</FntDecor>
            <FntStyl>normal</FntStyl>
          </Font>
          <Color>Blue</Color>
        </NormTxtStyl>
        <MousOvrTxtStyl>
          <Font>
            <FntName>Arial</FntName>
            <FntSz>12</FntSz>
            <FntSzTyp>Points</FntSzTyp>
            <FntWt>Bold</FntWt>
            <FntDecor>Underline</FntDecor>
            <FntStyl>normal</FntStyl>
          </Font>
          <Color>Red</Color>
        </MousOvrTxtStyl>
        <LineH>0.000</LineH>
      </ObjName>
      <Pad>2</Pad>
      <Rows>30</Rows>
      <Cols>2</Cols>
    </Functions>
    <Variables>
      <Bkgr>
        <Color>Default</Color>
        <Image></Image>
      </Bkgr>
      <Brdr>
        <Color>Default</Color>
        <Thick>0</Thick>
      </Brdr>
      <ObjName>
        <NormTxtStyl>
          <Font>
            <FntName>Arial</FntName>
            <FntSz>12</FntSz>
            <FntSzTyp>Points</FntSzTyp>
            <FntWt>Bold</FntWt>
            <FntDecor>Underline</FntDecor>
            <FntStyl>normal</FntStyl>
          </Font>
          <Color>Blue</Color>
        </NormTxtStyl>
        <MousOvrTxtStyl>
          <Font>
            <FntName>Arial</FntName>
            <FntSz>12</FntSz>
            <FntSzTyp>Points</FntSzTyp>
            <FntWt>Bold</FntWt>
            <FntDecor>Underline</FntDecor>
            <FntStyl>normal</FntStyl>
          </Font>
          <Color>Red</Color>
        </MousOvrTxtStyl>
        <LineH>0.000</LineH>
      </ObjName>
      <Pad>2</Pad>
      <Rows>30</Rows>
      <Cols>3</Cols>
    </Variables>
    <Macros>
      <Bkgr>
        <Color>Default</Color>
        <Image></Image>
      </Bkgr>
      <Brdr>
        <Color>Default</Color>
        <Thick>0</Thick>
      </Brdr>
      <ObjName>
        <NormTxtStyl>
          <Font>
            <FntName>Arial</FntName>
            <FntSz>12</FntSz>
            <FntSzTyp>Points</FntSzTyp>
            <FntWt>Bold</FntWt>
            <FntDecor>Underline</FntDecor>
            <FntStyl>normal</FntStyl>
          </Font>
          <Color>Blue</Color>
        </NormTxtStyl>
        <MousOvrTxtStyl>
          <Font>
            <FntName>Arial</FntName>
            <FntSz>12</FntSz>
            <FntSzTyp>Points</FntSzTyp>
            <FntWt>Bold</FntWt>
            <FntDecor>Underline</FntDecor>
            <FntStyl>normal</FntStyl>
          </Font>
          <Color>Red</Color>
        </MousOvrTxtStyl>
        <LineH>0.000</LineH>
      </ObjName>
      <Pad>2</Pad>
      <Rows>30</Rows>
      <Cols>2</Cols>
    </Macros>
    <Types>
      <Bkgr>
        <Color>Default</Color>
        <Image></Image>
      </Bkgr>
      <Brdr>
        <Color>Default</Color>
        <Thick>0</Thick>
      </Brdr>
      <ObjName>
        <NormTxtStyl>
          <Font>
            <FntName>Arial</FntName>
            <FntSz>12</FntSz>
            <FntSzTyp>Points</FntSzTyp>
            <FntWt>Bold</FntWt>
            <FntDecor>Underline</FntDecor>
            <FntStyl>normal</FntStyl>
          </Font>
          <Color>Blue</Color>
        </NormTxtStyl>
        <MousOvrTxtStyl>
          <Font>
            <FntName>Arial</FntName>
            <FntSz>12</FntSz>
            <FntSzTyp>Points</FntSzTyp>
            <FntWt>Bold</FntWt>
            <FntDecor>Underline</FntDecor>
            <FntStyl>normal</FntStyl>
          </Font>
          <Color>Red</Color>
        </MousOvrTxtStyl>
        <LineH>0.000</LineH>
      </ObjName>
      <Pad>2</Pad>
      <Rows>30</Rows>
      <Cols>3</Cols>
    </Types>
    <FilesList>
      <RootNodeTxtStyl>
        <Font>
          <FntName>Arial</FntName>
          <FntSz>14</FntSz>
          <FntSzTyp>Points</FntSzTyp>
          <FntWt>Bold</FntWt>
          <FntDecor>none</FntDecor>
          <FntStyl>normal</FntStyl>
        </Font>
        <Color>
          <Red>255</Red>
          <Green>128</Green>
          <Blue>128</Blue>
        </Color>
      </RootNodeTxtStyl>
      <ObjName>
        <NormTxtStyl>
          <Font>
            <FntName>Arial</FntName>
            <FntSz>12</FntSz>
            <FntSzTyp>Points</FntSzTyp>
            <FntWt>Bold</FntWt>
            <FntDecor>Underline</FntDecor>
            <FntStyl>normal</FntStyl>
          </Font>
          <Color>Blue</Color>
        </NormTxtStyl>
        <MousOvrTxtStyl>
          <Font>
            <FntName>Arial</FntName>
            <FntSz>12</FntSz>
            <FntSzTyp>Points</FntSzTyp>
            <FntWt>Bold</FntWt>
            <FntDecor>Underline</FntDecor>
            <FntStyl>normal</FntStyl>
          </Font>
          <Color>Red</Color>
        </MousOvrTxtStyl>
        <LineH>0.000</LineH>
      </ObjName>
      <DirTxtStyl>
        <Font>
          <FntName>Arial</FntName>
          <FntSz>12</FntSz>
          <FntSzTyp>Points</FntSzTyp>
          <FntWt>Bold</FntWt>
          <FntDecor>none</FntDecor>
          <FntStyl>normal</FntStyl>
        </Font>
        <Color>
          <Red>255</Red>
          <Green>128</Green>
          <Blue>128</Blue>
        </Color>
      </DirTxtStyl>
      <UnparsedFileStyl>
        <Font>
          <FntName>Arial</FntName>
          <FntSz>12</FntSz>
          <FntSzTyp>Points</FntSzTyp>
          <FntWt>Bold</FntWt>
          <FntDecor>none</FntDecor>
          <FntStyl>normal</FntStyl>
        </Font>
        <Color>Black</Color>
      </UnparsedFileStyl>
      <Pad>4</Pad>
      <Bkgr>
        <Color>Default</Color>
        <Image></Image>
      </Bkgr>
    </FilesList>
  </Indices>
  <DetailedDoc>
    <ObjName>
      <NormTxtStyl>
        <Font>
          <FntName>Arial</FntName>
          <FntSz>12</FntSz>
          <FntSzTyp>Points</FntSzTyp>
          <FntWt>Bold</FntWt>
          <FntDecor>Normal</FntDecor>
          <FntStyl>normal</FntStyl>
        </Font>
        <Color>
          <Red>128</Red>
          <Green>0</Green>
          <Blue>0</Blue>
        </Color>
      </NormTxtStyl>
      <MousOvrTxtStyl>
        <Font>
          <FntName>Arial</FntName>
          <FntSz>12</FntSz>
          <FntSzTyp>Points</FntSzTyp>
          <FntWt>Bold</FntWt>
          <FntDecor>Underline</FntDecor>
          <FntStyl>normal</FntStyl>
        </Font>
        <Color>Red</Color>
      </MousOvrTxtStyl>
      <LineH>-1.000</LineH>
    </ObjName>
    <TypeNamesStyl>
      <NormTxtStyl>
        <Font>
          <FntName>Courier New</FntName>
          <FntSz>10</FntSz>
          <FntSzTyp>Points</FntSzTyp>
          <FntWt>normal</FntWt>
          <FntDecor>none</FntDecor>
          <FntStyl>normal</FntStyl>
        </Font>
        <Color>
          <Red>16</Red>
          <Green>16</Green>
          <Blue>239</Blue>
        </Color>
      </NormTxtStyl>
      <MousOvrTxtStyl>
        <Font>
          <FntName>Courier New</FntName>
          <FntSz>10</FntSz>
          <FntSzTyp>Points</FntSzTyp>
          <FntWt>normal</FntWt>
          <FntDecor>none</FntDecor>
          <FntStyl>normal</FntStyl>
        </Font>
        <Color>Red</Color>
      </MousOvrTxtStyl>
      <LineH>-1.000</LineH>
    </TypeNamesStyl>
    <TxtStyl>
      <Font>
        <FntName>Arial</FntName>
        <FntSz>10</FntSz>
        <FntSzTyp>Points</FntSzTyp>
        <FntWt>normal</FntWt>
        <FntDecor>none</FntDecor>
        <FntStyl>normal</FntStyl>
      </Font>
      <Color>
        <Red>0</Red>
        <Green>0</Green>
        <Blue>112</Blue>
      </Color>
    </TxtStyl>
    <Hdng>
      <Font>
        <FntName>Arial</FntName>
        <FntSz>13</FntSz>
        <FntSzTyp>Points</FntSzTyp>
        <FntWt>Bold</FntWt>
        <FntDecor>none</FntDecor>
        <FntStyl>normal</FntStyl>
      </Font>
      <Color>Black</Color>
    </Hdng>
    <SubHdng>
      <Font>
        <FntName>Arial</FntName>
        <FntSz>10</FntSz>
        <FntSzTyp>Points</FntSzTyp>
        <FntWt>Bold</FntWt>
        <FntDecor>none</FntDecor>
        <FntStyl>normal</FntStyl>
      </Font>
      <Color>Black</Color>
    </SubHdng>
    <GraydSubHdng>
      <Font>
        <FntName>Arial</FntName>
        <FntSz>10</FntSz>
        <FntSzTyp>Points</FntSzTyp>
        <FntWt>Bold</FntWt>
        <FntDecor>none</FntDecor>
        <FntStyl>normal</FntStyl>
      </Font>
      <Color>
        <Red>112</Red>
        <Green>112</Green>
        <Blue>112</Blue>
      </Color>
    </GraydSubHdng>
    <LclIDFRs>
      <Font>
        <FntName>Arial</FntName>
        <FntSz>10</FntSz>
        <FntSzTyp>Points</FntSzTyp>
        <FntWt>Bold</FntWt>
        <FntDecor>none</FntDecor>
        <FntStyl>normal</FntStyl>
      </Font>
      <Color>Black</Color>
    </LclIDFRs>
    <Declartion>
      <Font>
        <FntName>Courier New</FntName>
        <FntSz>10</FntSz>
        <FntSzTyp>Points</FntSzTyp>
        <FntWt>normal</FntWt>
        <FntDecor>none</FntDecor>
        <FntStyl>normal</FntStyl>
      </Font>
      <Color>
        <Red>4</Red>
        <Green>4</Green>
        <Blue>4</Blue>
      </Color>
    </Declartion>
    <Separator>Yes</Separator>
    <NavLinks>Yes</NavLinks>
    <Params>Yes</Params>
    <Locals>Yes</Locals>
    <NestedLocals>Yes</NestedLocals>
    <Types>Yes</Types>
    <StructRUnion>Yes</StructRUnion>
    <Macros>Yes</Macros>
    <Call>Yes</Call>
    <Caller>Yes</Caller>
    <Enum>Yes</Enum>
    <Variables>Yes</Variables>
    <UDDs>Yes</UDDs>
  </DetailedDoc>
  <FileOvwDoc>
    <UndefinedORUnknowns>No</UndefinedORUnknowns>
  </FileOvwDoc>
  <NameDescrSumm>
    <Table>
        <TxtStyl>
          <Font>
            <FntName>Arial</FntName>
            <FntSz>10</FntSz>
            <FntSzTyp>Points</FntSzTyp>
            <FntWt>normal</FntWt>
            <FntDecor>none</FntDecor>
            <FntStyl>normal</FntStyl>
          </Font>
          <Color>Black</Color>
        </TxtStyl>
      <Bkgr>
        <Color>Default</Color>
        <Image></Image>
      </Bkgr>
      <Brdr>
        <Color>Default</Color>
        <Thick>0</Thick>
      </Brdr>
      <ColHdng>
        <Bkgr>Default</Bkgr>
        <TxtStyl>
          <Font>
            <FntName>Arial</FntName>
            <FntSz>12</FntSz>
            <FntSzTyp>Points</FntSzTyp>
            <FntWt>Bold</FntWt>
            <FntDecor>none</FntDecor>
            <FntStyl>normal</FntStyl>
          </Font>
          <Color>Black</Color>
        </TxtStyl>
        <Needed>No</Needed>
      </ColHdng>
      <Hdng>
        <Bkgr>Default</Bkgr>
        <TxtStyl>
          <Font>
            <FntName>Arial</FntName>
            <FntSz>13</FntSz>
            <FntSzTyp>Points</FntSzTyp>
            <FntWt>Bold</FntWt>
            <FntDecor>none</FntDecor>
            <FntStyl>normal</FntStyl>
          </Font>
          <Color>Black</Color>
        </TxtStyl>
      </Hdng>
      <Pad>6</Pad>
      <Width>-1</Width>
    </Table>
    <ObjName>
      <NormTxtStyl>
        <Font>
          <FntName>Arial</FntName>
          <FntSz>10</FntSz>
          <FntSzTyp>Points</FntSzTyp>
          <FntWt>Bold</FntWt>
          <FntDecor>Underline</FntDecor>
          <FntStyl>normal</FntStyl>
        </Font>
        <Color>Blue</Color>
      </NormTxtStyl>
      <MousOvrTxtStyl>
        <Font>
          <FntName>Arial</FntName>
          <FntSz>10</FntSz>
          <FntSzTyp>Points</FntSzTyp>
          <FntWt>Bold</FntWt>
          <FntDecor>Underline</FntDecor>
          <FntStyl>normal</FntStyl>
        </Font>
        <Color>Red</Color>
      </MousOvrTxtStyl>
      <LineH>-1.000</LineH>
    </ObjName>
    <TypeNamesStyl>
      <NormTxtStyl>
        <Font>
          <FntName>Courier New</FntName>
          <FntSz>10</FntSz>
          <FntSzTyp>Points</FntSzTyp>
          <FntWt>normal</FntWt>
          <FntDecor>none</FntDecor>
          <FntStyl>normal</FntStyl>
        </Font>
        <Color>
          <Red>16</Red>
          <Green>16</Green>
          <Blue>239</Blue>
        </Color>
      </NormTxtStyl>
      <MousOvrTxtStyl>
        <Font>
          <FntName>Courier New</FntName>
          <FntSz>10</FntSz>
          <FntSzTyp>Points</FntSzTyp>
          <FntWt>normal</FntWt>
          <FntDecor>none</FntDecor>
          <FntStyl>normal</FntStyl>
        </Font>
        <Color>Red</Color>
      </MousOvrTxtStyl>
      <LineH>-1.000</LineH>
    </TypeNamesStyl>
    <TxtStyl>
      <Font>
        <FntName>Arial</FntName>
        <FntSz>10</FntSz>
        <FntSzTyp>Points</FntSzTyp>
        <FntWt>Bold</FntWt>
        <FntDecor>Normal</FntDecor>
        <FntStyl>normal</FntStyl>
      </Font>
      <Color>Black</Color>
    </TxtStyl>
    <Description>
      <TxtStyl>
        <Font>
          <FntName>Arial</FntName>
          <FntSz>10</FntSz>
          <FntSzTyp>Points</FntSzTyp>
          <FntWt>normal</FntWt>
          <FntDecor>none</FntDecor>
          <FntStyl>normal</FntStyl>
        </Font>
        <Color>
          <Red>0</Red>
          <Green>0</Green>
          <Blue>112</Blue>
        </Color>
      </TxtStyl>
      <Supress>No</Supress>
      <Width>-1</Width>
    </Description>
    <Declartion>
      <TxtStyl>
        <Font>
          <FntName>Courier New</FntName>
          <FntSz>10</FntSz>
          <FntSzTyp>Points</FntSzTyp>
          <FntWt>normal</FntWt>
          <FntDecor>none</FntDecor>
          <FntStyl>normal</FntStyl>
        </Font>
        <Color>
          <Red>4</Red>
          <Green>4</Green>
          <Blue>4</Blue>
        </Color>
      </TxtStyl>
      <DispOnlyDecln>Yes</DispOnlyDecln>
      <FormatDecln>No</FormatDecln>
    </Declartion>
  </NameDescrSumm>
  <NameOnlySumm>
    <Table>
        <TxtStyl>
          <Font>
            <FntName>Arial</FntName>
            <FntSz>10</FntSz>
            <FntSzTyp>Points</FntSzTyp>
            <FntWt>normal</FntWt>
            <FntDecor>none</FntDecor>
            <FntStyl>normal</FntStyl>
          </Font>
          <Color>Black</Color>
        </TxtStyl>
      <Bkgr>
        <Color>Default</Color>
        <Image></Image>
      </Bkgr>
      <Brdr>
        <Color>Default</Color>
        <Thick>0</Thick>
      </Brdr>
      <ColHdng>
        <Bkgr>Default</Bkgr>
        <TxtStyl>
          <Font>
            <FntName>Arial</FntName>
            <FntSz>12</FntSz>
            <FntSzTyp>Points</FntSzTyp>
            <FntWt>Bold</FntWt>
            <FntDecor>none</FntDecor>
            <FntStyl>normal</FntStyl>
          </Font>
          <Color>Black</Color>
        </TxtStyl>
        <Needed>No</Needed>
      </ColHdng>
      <Hdng>
        <Bkgr>Default</Bkgr>
        <TxtStyl>
          <Font>
            <FntName>Arial</FntName>
            <FntSz>13</FntSz>
            <FntSzTyp>Points</FntSzTyp>
            <FntWt>Bold</FntWt>
            <FntDecor>none</FntDecor>
            <FntStyl>normal</FntStyl>
          </Font>
          <Color>Black</Color>
        </TxtStyl>
      </Hdng>
      <Pad>6</Pad>
      <Width>-1</Width>
    </Table>
    <Cols>3</Cols>
    <ObjName>
      <NormTxtStyl>
        <Font>
          <FntName>Arial</FntName>
          <FntSz>10</FntSz>
          <FntSzTyp>Points</FntSzTyp>
          <FntWt>Normal</FntWt>
          <FntDecor>none</FntDecor>
          <FntStyl>normal</FntStyl>
        </Font>
        <Color>Blue</Color>
      </NormTxtStyl>
      <MousOvrTxtStyl>
        <Font>
          <FntName>Arial</FntName>
          <FntSz>10</FntSz>
          <FntSzTyp>Points</FntSzTyp>
          <FntWt>Normal</FntWt>
          <FntDecor>Underline</FntDecor>
          <FntStyl>normal</FntStyl>
        </Font>
        <Color>Red</Color>
      </MousOvrTxtStyl>
      <LineH>-1.000</LineH>
    </ObjName>
    <TxtStyl>
      <Font>
        <FntName>Arial</FntName>
        <FntSz>10</FntSz>
        <FntSzTyp>Points</FntSzTyp>
        <FntWt>Normal</FntWt>
        <FntDecor>Normal</FntDecor>
        <FntStyl>normal</FntStyl>
      </Font>
      <Color>Black</Color>
    </TxtStyl>
  </NameOnlySumm>
  <IncFiles>
    <Table>
        <TxtStyl>
          <Font>
            <FntName>Arial</FntName>
            <FntSz>10</FntSz>
            <FntSzTyp>Points</FntSzTyp>
            <FntWt>normal</FntWt>
            <FntDecor>none</FntDecor>
            <FntStyl>normal</FntStyl>
          </Font>
          <Color>Black</Color>
        </TxtStyl>
      <Bkgr>
        <Color>Default</Color>
        <Image></Image>
      </Bkgr>
      <Brdr>
        <Color>Default</Color>
        <Thick>0</Thick>
      </Brdr>
      <ColHdng>
        <Bkgr>Default</Bkgr>
        <TxtStyl>
          <Font>
            <FntName>Arial</FntName>
            <FntSz>12</FntSz>
            <FntSzTyp>Points</FntSzTyp>
            <FntWt>Bold</FntWt>
            <FntDecor>none</FntDecor>
            <FntStyl>normal</FntStyl>
          </Font>
          <Color>Black</Color>
        </TxtStyl>
        <Needed>No</Needed>
      </ColHdng>
      <Hdng>
        <Bkgr>Default</Bkgr>
        <TxtStyl>
          <Font>
            <FntName>Arial</FntName>
            <FntSz>13</FntSz>
            <FntSzTyp>Points</FntSzTyp>
            <FntWt>Bold</FntWt>
            <FntDecor>none</FntDecor>
            <FntStyl>normal</FntStyl>
          </Font>
          <Color>Black</Color>
        </TxtStyl>
      </Hdng>
      <Pad>6</Pad>
      <Width>-1</Width>
    </Table>
    <Cols>5</Cols>
    <ObjName>
      <NormTxtStyl>
        <Font>
          <FntName>Arial</FntName>
          <FntSz>10</FntSz>
          <FntSzTyp>Points</FntSzTyp>
          <FntWt>Normal</FntWt>
          <FntDecor>none</FntDecor>
          <FntStyl>normal</FntStyl>
        </Font>
        <Color>Blue</Color>
      </NormTxtStyl>
      <MousOvrTxtStyl>
        <Font>
          <FntName>Arial</FntName>
          <FntSz>10</FntSz>
          <FntSzTyp>Points</FntSzTyp>
          <FntWt>Normal</FntWt>
          <FntDecor>Underline</FntDecor>
          <FntStyl>normal</FntStyl>
        </Font>
        <Color>Red</Color>
      </MousOvrTxtStyl>
      <LineH>-1.000</LineH>
    </ObjName>
    <TxtStyl>
      <Font>
        <FntName>Arial</FntName>
        <FntSz>10</FntSz>
        <FntSzTyp>Points</FntSzTyp>
        <FntWt>Normal</FntWt>
        <FntDecor>Normal</FntDecor>
        <FntStyl>normal</FntStyl>
      </Font>
      <Color>Black</Color>
    </TxtStyl>
  </IncFiles>
  <Metrics>
    <Table>
        <TxtStyl>
          <Font>
            <FntName>Verdana</FntName>
            <FntSz>8</FntSz>
            <FntSzTyp>Points</FntSzTyp>
            <FntWt>normal</FntWt>
            <FntDecor>none</FntDecor>
            <FntStyl>normal</FntStyl>
          </Font>
          <Color>Black</Color>
        </TxtStyl>
      <Bkgr>
        <Color>Default</Color>
        <Image></Image>
      </Bkgr>
      <Brdr>
        <Color>Default</Color>
        <Thick>0</Thick>
      </Brdr>
      <ColHdng>
        <Bkgr>Default</Bkgr>
        <TxtStyl>
          <Font>
            <FntName>Arial</FntName>
            <FntSz>10</FntSz>
            <FntSzTyp>Points</FntSzTyp>
            <FntWt>Bold</FntWt>
            <FntDecor>none</FntDecor>
            <FntStyl>normal</FntStyl>
          </Font>
          <Color>Black</Color>
        </TxtStyl>
        <Needed>No</Needed>
      </ColHdng>
      <Hdng>
        <Bkgr>Default</Bkgr>
        <TxtStyl>
          <Font>
            <FntName>Arial</FntName>
            <FntSz>13</FntSz>
            <FntSzTyp>Points</FntSzTyp>
            <FntWt>Bold</FntWt>
            <FntDecor>none</FntDecor>
            <FntStyl>normal</FntStyl>
          </Font>
          <Color>Black</Color>
        </TxtStyl>
      </Hdng>
      <Pad>6</Pad>
      <Width>-1</Width>
    </Table>
    <ObjName>
      <NormTxtStyl>
        <Font>
          <FntName>Arial</FntName>
          <FntSz>10</FntSz>
          <FntSzTyp>Points</FntSzTyp>
          <FntWt>Bold</FntWt>
          <FntDecor>Underline</FntDecor>
          <FntStyl>normal</FntStyl>
        </Font>
        <Color>Blue</Color>
      </NormTxtStyl>
      <MousOvrTxtStyl>
        <Font>
          <FntName>Arial</FntName>
          <FntSz>10</FntSz>
          <FntSzTyp>Points</FntSzTyp>
          <FntWt>Bold</FntWt>
          <FntDecor>Underline</FntDecor>
          <FntStyl>normal</FntStyl>
        </Font>
        <Color>Red</Color>
      </MousOvrTxtStyl>
      <LineH>-1.000</LineH>
    </ObjName>
    <TxtStyl>
      <Font>
        <FntName>Arial</FntName>
        <FntSz>10</FntSz>
        <FntSzTyp>Points</FntSzTyp>
        <FntWt>normal</FntWt>
        <FntDecor>none</FntDecor>
        <FntStyl>normal</FntStyl>
      </Font>
      <Color>Black</Color>
    </TxtStyl>
    <Clr1>
      <Red>216</Red>
      <Green>255</Green>
      <Blue>216</Blue>
    </Clr1>
    <Clr2>
      <Red>255</Red>
      <Green>240</Green>
      <Blue>255</Blue>
    </Clr2>
  <Range>
    <HalsteadDifficulty>
        <LowRangeText>0.00</LowRangeText>
        <HighRangeText>0.00</HighRangeText>
        <LowRangeColour>
          <Red>0</Red>
          <Green>128</Green>
          <Blue>0</Blue>
        </LowRangeColour>
        <MediumRangeColour>
          <Red>0</Red>
          <Green>0</Green>
          <Blue>255</Blue>
        </MediumRangeColour>
        <HighRangeColour>
          <Red>255</Red>
          <Green>0</Green>
          <Blue>0</Blue>
        </HighRangeColour>
    </HalsteadDifficulty>
    <HalsteadEffort>
        <LowRangeText>100000.00</LowRangeText>
        <HighRangeText>2000000.00</HighRangeText>
        <LowRangeColour>
          <Red>0</Red>
          <Green>128</Green>
          <Blue>0</Blue>
        </LowRangeColour>
        <MediumRangeColour>
          <Red>0</Red>
          <Green>0</Green>
          <Blue>255</Blue>
        </MediumRangeColour>
        <HighRangeColour>
          <Red>255</Red>
          <Green>0</Green>
          <Blue>0</Blue>
        </HighRangeColour>
    </HalsteadEffort>
    <HalsteadBugDeliver>
        <LowRangeText>1.00</LowRangeText>
        <HighRangeText>3.00</HighRangeText>
        <LowRangeColour>
          <Red>0</Red>
          <Green>128</Green>
          <Blue>0</Blue>
        </LowRangeColour>
        <MediumRangeColour>
          <Red>0</Red>
          <Green>0</Green>
          <Blue>255</Blue>
        </MediumRangeColour>
        <HighRangeColour>
          <Red>255</Red>
          <Green>0</Green>
          <Blue>0</Blue>
        </HighRangeColour>
    </HalsteadBugDeliver>
    <McCabeCmplxityCyclo>
        <LowRangeText>5.00</LowRangeText>
        <HighRangeText>20.00</HighRangeText>
        <LowRangeColour>
          <Red>0</Red>
          <Green>128</Green>
          <Blue>0</Blue>
        </LowRangeColour>
        <MediumRangeColour>
          <Red>0</Red>
          <Green>0</Green>
          <Blue>255</Blue>
        </MediumRangeColour>
        <HighRangeColour>
          <Red>255</Red>
          <Green>0</Green>
          <Blue>0</Blue>
        </HighRangeColour>
    </McCabeCmplxityCyclo>
    <McCabeCmplxityMdfdCyclo>
        <LowRangeText>5.00</LowRangeText>
        <HighRangeText>15.00</HighRangeText>
        <LowRangeColour>
          <Red>0</Red>
          <Green>128</Green>
          <Blue>0</Blue>
        </LowRangeColour>
        <MediumRangeColour>
          <Red>0</Red>
          <Green>0</Green>
          <Blue>255</Blue>
        </MediumRangeColour>
        <HighRangeColour>
          <Red>255</Red>
          <Green>0</Green>
          <Blue>0</Blue>
        </HighRangeColour>
    </McCabeCmplxityMdfdCyclo>
    <McCabeCmplxityDesign>
        <LowRangeText>1.00</LowRangeText>
        <HighRangeText>20.00</HighRangeText>
        <LowRangeColour>
          <Red>0</Red>
          <Green>128</Green>
          <Blue>0</Blue>
        </LowRangeColour>
        <MediumRangeColour>
          <Red>0</Red>
          <Green>0</Green>
          <Blue>255</Blue>
        </MediumRangeColour>
        <HighRangeColour>
          <Red>255</Red>
          <Green>0</Green>
          <Blue>0</Blue>
        </HighRangeColour>
    </McCabeCmplxityDesign>
    <McCabeCmplxityEssential>
        <LowRangeText>1.00</LowRangeText>
        <HighRangeText>20.00</HighRangeText>
        <LowRangeColour>
          <Red>0</Red>
          <Green>128</Green>
          <Blue>0</Blue>
        </LowRangeColour>
        <MediumRangeColour>
          <Red>0</Red>
          <Green>0</Green>
          <Blue>255</Blue>
        </MediumRangeColour>
        <HighRangeColour>
          <Red>255</Red>
          <Green>0</Green>
          <Blue>0</Blue>
        </HighRangeColour>
    </McCabeCmplxityEssential>
    <McCabeDensityCyclo>
        <LowRangeText>0.01</LowRangeText>
        <HighRangeText>1.00</HighRangeText>
        <LowRangeColour>
          <Red>0</Red>
          <Green>128</Green>
          <Blue>0</Blue>
        </LowRangeColour>
        <MediumRangeColour>
          <Red>0</Red>
          <Green>0</Green>
          <Blue>255</Blue>
        </MediumRangeColour>
        <HighRangeColour>
          <Red>255</Red>
          <Green>0</Green>
          <Blue>0</Blue>
        </HighRangeColour>
    </McCabeDensityCyclo>
    <McCabeDensityDesign>
        <LowRangeText>0.01</LowRangeText>
        <HighRangeText>1.00</HighRangeText>
        <LowRangeColour>
          <Red>0</Red>
          <Green>128</Green>
          <Blue>0</Blue>
        </LowRangeColour>
        <MediumRangeColour>
          <Red>0</Red>
          <Green>0</Green>
          <Blue>255</Blue>
        </MediumRangeColour>
        <HighRangeColour>
          <Red>255</Red>
          <Green>0</Green>
          <Blue>0</Blue>
        </HighRangeColour>
    </McCabeDensityDesign>
    <McCabeDensityEssential>
        <LowRangeText>0.01</LowRangeText>
        <HighRangeText>1.00</HighRangeText>
        <LowRangeColour>
          <Red>0</Red>
          <Green>128</Green>
          <Blue>0</Blue>
        </LowRangeColour>
        <MediumRangeColour>
          <Red>0</Red>
          <Green>0</Green>
          <Blue>255</Blue>
        </MediumRangeColour>
        <HighRangeColour>
          <Red>255</Red>
          <Green>0</Green>
          <Blue>0</Blue>
        </HighRangeColour>
    </McCabeDensityEssential>
  </Range>
  </Metrics>
  <Xrefs>
    <ObjName>
      <NormTxtStyl>
        <Font>
          <FntName>Arial</FntName>
          <FntSz>10</FntSz>
          <FntSzTyp>Points</FntSzTyp>
          <FntWt>Bold</FntWt>
          <FntDecor>Underline</FntDecor>
          <FntStyl>normal</FntStyl>
        </Font>
        <Color>Blue</Color>
      </NormTxtStyl>
      <MousOvrTxtStyl>
        <Font>
          <FntName>Arial</FntName>
          <FntSz>10</FntSz>
          <FntSzTyp>Points</FntSzTyp>
          <FntWt>Bold</FntWt>
          <FntDecor>Underline</FntDecor>
          <FntStyl>normal</FntStyl>
        </Font>
        <Color>Red</Color>
      </MousOvrTxtStyl>
      <LineH>-1.000</LineH>
    </ObjName>
    <TxtStyl>
      <Font>
        <FntName>Verdana</FntName>
        <FntSz>8</FntSz>
        <FntSzTyp>Points</FntSzTyp>
        <FntWt>normal</FntWt>
        <FntDecor>none</FntDecor>
        <FntStyl>normal</FntStyl>
      </Font>
      <Color>Black</Color>
    </TxtStyl>
  </Xrefs>
  <TreeView>
    <Image></Image>
    <TVFileReport>No</TVFileReport>
    <TVPrjReport>No</TVPrjReport>
      <TVLeafStyl>
        <Font>
          <FntName>Arial</FntName>
          <FntSz>10</FntSz>
          <FntSzTyp>Points</FntSzTyp>
          <FntWt>normal</FntWt>
          <FntDecor>none</FntDecor>
          <FntStyl>normal</FntStyl>
        </Font>
        <Color>Black</Color>
      </TVLeafStyl>
      <TVNonLeafStyl>
        <Font>
          <FntName>Arial</FntName>
          <FntSz>10</FntSz>
          <FntSzTyp>Points</FntSzTyp>
          <FntWt>Bold</FntWt>
          <FntDecor>none</FntDecor>
          <FntStyl>normal</FntStyl>
        </Font>
        <Color>
          <Red>144</Red>
          <Green>0</Green>
          <Blue>0</Blue>
        </Color>
      </TVNonLeafStyl>
      <LinkStyl1>
        <NormTxtStyl>
          <Font>
            <FntName>Arial</FntName>
            <FntSz>10</FntSz>
            <FntSzTyp>Points</FntSzTyp>
            <FntWt>normal</FntWt>
            <FntDecor>Underline</FntDecor>
            <FntStyl>normal</FntStyl>
          </Font>
          <Color>Blue</Color>
        </NormTxtStyl>
        <MousOvrTxtStyl>
          <Font>
            <FntName>Arial</FntName>
            <FntSz>10</FntSz>
            <FntSzTyp>Points</FntSzTyp>
            <FntWt>normal</FntWt>
            <FntDecor>Underline</FntDecor>
            <FntStyl>normal</FntStyl>
          </Font>
          <Color>Red</Color>
        </MousOvrTxtStyl>
        <LineH>-1.000</LineH>
      </LinkStyl1>
      <LinkStyl2>
        <NormTxtStyl>
          <Font>
            <FntName>Arial</FntName>
            <FntSz>10</FntSz>
            <FntSzTyp>Points</FntSzTyp>
            <FntWt>Bold</FntWt>
            <FntDecor>Underline</FntDecor>
            <FntStyl>normal</FntStyl>
          </Font>
          <Color>Blue</Color>
        </NormTxtStyl>
        <MousOvrTxtStyl>
          <Font>
            <FntName>Arial</FntName>
            <FntSz>10</FntSz>
            <FntSzTyp>Points</FntSzTyp>
            <FntWt>Bold</FntWt>
            <FntDecor>Underline</FntDecor>
            <FntStyl>normal</FntStyl>
          </Font>
          <Color>Red</Color>
        </MousOvrTxtStyl>
        <LineH>-1.000</LineH>
      </LinkStyl2>
      <LinkStyl3>
        <NormTxtStyl>
          <Font>
            <FntName>Arial</FntName>
            <FntSz>10</FntSz>
            <FntSzTyp>Points</FntSzTyp>
            <FntWt>normal</FntWt>
            <FntDecor>None</FntDecor>
            <FntStyl>normal</FntStyl>
          </Font>
          <Color>
            <Red>96</Red>
            <Green>96</Green>
            <Blue>223</Blue>
          </Color>
        </NormTxtStyl>
        <MousOvrTxtStyl>
          <Font>
            <FntName>Arial</FntName>
            <FntSz>10</FntSz>
            <FntSzTyp>Points</FntSzTyp>
            <FntWt>normal</FntWt>
            <FntDecor>None</FntDecor>
            <FntStyl>normal</FntStyl>
          </Font>
          <Color>Red</Color>
        </MousOvrTxtStyl>
        <LineH>-1.000</LineH>
      </LinkStyl3>
      <LineColor>Gray</LineColor>
      <Pad>4</Pad>
      <Width>110</Width>
  </TreeView>
  <Flowcharts>
    <Thumbnails>
      <Width>250</Width>
      <Height>200</Height>
    </Thumbnails>
    <ThumbInFlowchart>Yes</ThumbInFlowchart>
    <Supress>Yes</Supress>
    <ProvideLinks>No</ProvideLinks>
    <ProvideLinksFrFnCall>Yes</ProvideLinksFrFnCall>
      <FlowchartType>CodeNComment</FlowchartType>
      <FlowchartLevel>FullExpand</FlowchartLevel>
  </Flowcharts>
  <Graphs>
    <Call>
      <Thumbnails>
        <Width>250</Width>
        <Height>200</Height>
      </Thumbnails>
      <InGraphMode>No</InGraphMode>
      <InOutlineMode>No</InOutlineMode>
      <ProvideLinks>No</ProvideLinks>
      <ThumbInGraph>No</ThumbInGraph>
    </Call>
    <Caller>
      <Thumbnails>
        <Width>250</Width>
        <Height>200</Height>
      </Thumbnails>
      <InGraphMode>No</InGraphMode>
      <InOutlineMode>No</InOutlineMode>
      <ProvideLinks>No</ProvideLinks>
      <ThumbInGraph>No</ThumbInGraph>
    </Caller>
    <IncFile>
      <Thumbnails>
        <Width>550</Width>
        <Height>400</Height>
      </Thumbnails>
      <InGraphMode>No</InGraphMode>
      <InOutlineMode>No</InOutlineMode>
      <ProvideLinks>No</ProvideLinks>
      <ThumbInGraph>No</ThumbInGraph>
    </IncFile>
    <FileCallTree>
      <Thumbnails>
        <Width>250</Width>
        <Height>200</Height>
      </Thumbnails>
      <InGraphMode>No</InGraphMode>
      <InOutlineMode>No</InOutlineMode>
      <ProvideLinks>No</ProvideLinks>
      <ThumbInGraph>No</ThumbInGraph>
    </FileCallTree>
    <TreeView>
      <TVLeafStyl>
        <Font>
          <FntName>Arial</FntName>
          <FntSz>10</FntSz>
          <FntSzTyp>Points</FntSzTyp>
          <FntWt>normal</FntWt>
          <FntDecor>none</FntDecor>
          <FntStyl>normal</FntStyl>
        </Font>
        <Color>Black</Color>
      </TVLeafStyl>
      <TVNonLeafStyl>
        <Font>
          <FntName>Arial</FntName>
          <FntSz>10</FntSz>
          <FntSzTyp>Points</FntSzTyp>
          <FntWt>Bold</FntWt>
          <FntDecor>none</FntDecor>
          <FntStyl>normal</FntStyl>
        </Font>
        <Color>
          <Red>144</Red>
          <Green>0</Green>
          <Blue>0</Blue>
        </Color>
      </TVNonLeafStyl>
      <LinkStyl1>
        <NormTxtStyl>
          <Font>
            <FntName>Arial</FntName>
            <FntSz>10</FntSz>
            <FntSzTyp>Points</FntSzTyp>
            <FntWt>normal</FntWt>
            <FntDecor>Underline</FntDecor>
            <FntStyl>normal</FntStyl>
          </Font>
          <Color>Blue</Color>
        </NormTxtStyl>
        <MousOvrTxtStyl>
          <Font>
            <FntName>Arial</FntName>
            <FntSz>10</FntSz>
            <FntSzTyp>Points</FntSzTyp>
            <FntWt>normal</FntWt>
            <FntDecor>Underline</FntDecor>
            <FntStyl>normal</FntStyl>
          </Font>
          <Color>Red</Color>
        </MousOvrTxtStyl>
        <LineH>-1.000</LineH>
      </LinkStyl1>
      <LinkStyl2>
        <NormTxtStyl>
          <Font>
            <FntName>Arial</FntName>
            <FntSz>10</FntSz>
            <FntSzTyp>Points</FntSzTyp>
            <FntWt>Bold</FntWt>
            <FntDecor>Underline</FntDecor>
            <FntStyl>normal</FntStyl>
          </Font>
          <Color>Blue</Color>
        </NormTxtStyl>
        <MousOvrTxtStyl>
          <Font>
            <FntName>Arial</FntName>
            <FntSz>10</FntSz>
            <FntSzTyp>Points</FntSzTyp>
            <FntWt>Bold</FntWt>
            <FntDecor>Underline</FntDecor>
            <FntStyl>normal</FntStyl>
          </Font>
          <Color>Red</Color>
        </MousOvrTxtStyl>
        <LineH>-1.000</LineH>
      </LinkStyl2>
      <LinkStyl3>
        <NormTxtStyl>
          <Font>
            <FntName>Arial</FntName>
            <FntSz>10</FntSz>
            <FntSzTyp>Points</FntSzTyp>
            <FntWt>normal</FntWt>
            <FntDecor>None</FntDecor>
            <FntStyl>normal</FntStyl>
          </Font>
          <Color>
            <Red>96</Red>
            <Green>96</Green>
            <Blue>223</Blue>
          </Color>
        </NormTxtStyl>
        <MousOvrTxtStyl>
          <Font>
            <FntName>Arial</FntName>
            <FntSz>10</FntSz>
            <FntSzTyp>Points</FntSzTyp>
            <FntWt>normal</FntWt>
            <FntDecor>None</FntDecor>
            <FntStyl>normal</FntStyl>
          </Font>
          <Color>Red</Color>
        </MousOvrTxtStyl>
        <LineH>-1.000</LineH>
      </LinkStyl3>
      <LineColor>Gray</LineColor>
      <Pad>6</Pad>
      <Width>110</Width>
    </TreeView>
  </Graphs>
  </CrystalDocumenter>
